id,review_text,service_name,rating,sentiment,sentiment_score,pros,cons
1,"Outstanding service! The stylist was meticulous, gentle, and the salon ambiance is pristine and luxurious. Would definitely book Hair Cut & Blow Dry again!","Hair Cut & Blow Dry",4,Positive,0.75,"meticulous stylist; gentle handling; pristine ambiance; luxurious experience",""
2,"Hands down the best treatment I have ever had. The results exceeded all my expectations. Five stars for the exceptional team.","Balayage Hair Color",5,Positive,0.76,"exceeded expectations; top quality results; skilled therapist",""
3,"Very welcoming team and peaceful environment. Left feeling completely rejuvenated and refreshed. Would definitely book Keratin Smoothing Treatment again!","Keratin Smoothing Treatment",5,Positive,0.77,"welcoming team; peaceful environment; rejuvenating",""
4,"Impressed with their attention to detail. Tools were sanitized right in front of me. Five stars for the exceptional team.","Bridal Hair & Makeup",5,Positive,0.78,"sanitized tools; attention to detail; high hygiene standards",""
5,"Flawless styling and long-lasting finish. Worth every single penny spent. Would definitely book Gel Manicure & Nail Art again!","Gel Manicure & Nail Art",5,Positive,0.79,"flawless finish; long lasting; great value",""
6,"Super friendly staff who offered great consultations and customized the service to my skin type. Five stars for the exceptional team.","Deluxe Spa Pedicure",4,Positive,0.8,"friendly staff; personalized consultation; customized treatment",""
7,"Punctual, professional, and courteous. They finished right on time without rushing. Would definitely book Hydra Facial Treatment again!","Hydra Facial Treatment",5,Positive,0.81,"punctual; professional; no rushing",""
8,"The atmosphere is top tier with complimentary coffee, calming music, and cozy seating. Five stars for the exceptional team.","Deep Tissue Body Massage",5,Positive,0.82,"complimentary refreshments; calming music; cozy seating",""
9,"My hair feels healthier and glossier than ever before. Highly recommended salon! Would definitely book Beard Grooming & Shave again!","Beard Grooming & Shave",5,Positive,0.83,"glossy hair; healthy hair texture; highly recommended",""
10,"Masterful work! Exactly matched the photo reference I brought from Instagram. Five stars for the exceptional team.","Eyebrow Threading & Tinting",5,Positive,0.84,"matched photo reference; artistic precision; masterful work",""
11,"Top tier precision and cleanliness. My stylist took the time to understand my routine. Would definitely book Full Body Waxing again!","Full Body Waxing",4,Positive,0.85,"personalized styling; clean equipment; attentive staff",""
12,"Such a relaxing and pampering session. Left feeling energized and confident. Five stars for the exceptional team.","Scalp Care Therapy",5,Positive,0.86,"pampering session; confidence boost; skilled treatment",""
13,"Premium products used throughout. No chemical smell and long lasting results. Would definitely book Hair Extensions again!","Hair Extensions",5,Positive,0.87,"premium products; no harsh smell; durable styling",""
14,"Amazing scalp massage and blow dry. My hair has so much bounce and volume now. Five stars for the exceptional team.","Skin Rejuvenation Peel",5,Positive,0.88,"relaxing scalp massage; voluminous hair; great blowout",""
15,"Exceptional hospitality and modern techniques. Will definitely be a regular client here. Would definitely book Aromatherapy Sauna again!","Aromatherapy Sauna",5,Positive,0.89,"exceptional hospitality; modern styling; repeat client",""
16,"Outstanding service! The stylist was meticulous, gentle, and the salon ambiance is pristine and luxurious. Five stars for the exceptional team.","Hair Cut & Blow Dry",4,Positive,0.9,"meticulous stylist; gentle handling; pristine ambiance; luxurious experience",""
17,"Hands down the best treatment I have ever had. The results exceeded all my expectations. Would definitely book Balayage Hair Color again!","Balayage Hair Color",5,Positive,0.91,"exceeded expectations; top quality results; skilled therapist",""
18,"Very welcoming team and peaceful environment. Left feeling completely rejuvenated and refreshed. Five stars for the exceptional team.","Keratin Smoothing Treatment",5,Positive,0.92,"welcoming team; peaceful environment; rejuvenating",""
19,"Impressed with their attention to detail. Tools were sanitized right in front of me. Would definitely book Bridal Hair & Makeup again!","Bridal Hair & Makeup",5,Positive,0.93,"sanitized tools; attention to detail; high hygiene standards",""
20,"Flawless styling and long-lasting finish. Worth every single penny spent. Five stars for the exceptional team.","Gel Manicure & Nail Art",5,Positive,0.94,"flawless finish; long lasting; great value",""
21,"Super friendly staff who offered great consultations and customized the service to my skin type. Would definitely book Deluxe Spa Pedicure again!","Deluxe Spa Pedicure",4,Positive,0.95,"friendly staff; personalized consultation; customized treatment",""
22,"Punctual, professional, and courteous. They finished right on time without rushing. Five stars for the exceptional team.","Hydra Facial Treatment",5,Positive,0.96,"punctual; professional; no rushing",""
23,"The atmosphere is top tier with complimentary coffee, calming music, and cozy seating. Would definitely book Deep Tissue Body Massage again!","Deep Tissue Body Massage",5,Positive,0.97,"complimentary refreshments; calming music; cozy seating",""
24,"My hair feels healthier and glossier than ever before. Highly recommended salon! Five stars for the exceptional team.","Beard Grooming & Shave",5,Positive,0.98,"glossy hair; healthy hair texture; highly recommended",""
25,"Masterful work! Exactly matched the photo reference I brought from Instagram. Would definitely book Eyebrow Threading & Tinting again!","Eyebrow Threading & Tinting",5,Positive,0.99,"matched photo reference; artistic precision; masterful work",""
26,"Top tier precision and cleanliness. My stylist took the time to understand my routine. Five stars for the exceptional team.","Full Body Waxing",4,Positive,0.75,"personalized styling; clean equipment; attentive staff",""
27,"Such a relaxing and pampering session. Left feeling energized and confident. Would definitely book Scalp Care Therapy again!","Scalp Care Therapy",5,Positive,0.76,"pampering session; confidence boost; skilled treatment",""
28,"Premium products used throughout. No chemical smell and long lasting results. Five stars for the exceptional team.","Hair Extensions",5,Positive,0.77,"premium products; no harsh smell; durable styling",""
29,"Amazing scalp massage and blow dry. My hair has so much bounce and volume now. Would definitely book Skin Rejuvenation Peel again!","Skin Rejuvenation Peel",5,Positive,0.78,"relaxing scalp massage; voluminous hair; great blowout",""
30,"Exceptional hospitality and modern techniques. Will definitely be a regular client here. Five stars for the exceptional team.","Aromatherapy Sauna",5,Positive,0.79,"exceptional hospitality; modern styling; repeat client",""
31,"Outstanding service! The stylist was meticulous, gentle, and the salon ambiance is pristine and luxurious. Would definitely book Hair Cut & Blow Dry again!","Hair Cut & Blow Dry",4,Positive,0.8,"meticulous stylist; gentle handling; pristine ambiance; luxurious experience",""
32,"Hands down the best treatment I have ever had. The results exceeded all my expectations. Five stars for the exceptional team.","Balayage Hair Color",5,Positive,0.81,"exceeded expectations; top quality results; skilled therapist",""
33,"Very welcoming team and peaceful environment. Left feeling completely rejuvenated and refreshed. Would definitely book Keratin Smoothing Treatment again!","Keratin Smoothing Treatment",5,Positive,0.82,"welcoming team; peaceful environment; rejuvenating",""
34,"Impressed with their attention to detail. Tools were sanitized right in front of me. Five stars for the exceptional team.","Bridal Hair & Makeup",5,Positive,0.83,"sanitized tools; attention to detail; high hygiene standards",""
35,"Flawless styling and long-lasting finish. Worth every single penny spent. Would definitely book Gel Manicure & Nail Art again!","Gel Manicure & Nail Art",5,Positive,0.84,"flawless finish; long lasting; great value",""
36,"Super friendly staff who offered great consultations and customized the service to my skin type. Five stars for the exceptional team.","Deluxe Spa Pedicure",4,Positive,0.85,"friendly staff; personalized consultation; customized treatment",""
37,"Punctual, professional, and courteous. They finished right on time without rushing. Would definitely book Hydra Facial Treatment again!","Hydra Facial Treatment",5,Positive,0.86,"punctual; professional; no rushing",""
38,"The atmosphere is top tier with complimentary coffee, calming music, and cozy seating. Five stars for the exceptional team.","Deep Tissue Body Massage",5,Positive,0.87,"complimentary refreshments; calming music; cozy seating",""
39,"My hair feels healthier and glossier than ever before. Highly recommended salon! Would definitely book Beard Grooming & Shave again!","Beard Grooming & Shave",5,Positive,0.88,"glossy hair; healthy hair texture; highly recommended",""
40,"Masterful work! Exactly matched the photo reference I brought from Instagram. Five stars for the exceptional team.","Eyebrow Threading & Tinting",5,Positive,0.89,"matched photo reference; artistic precision; masterful work",""
41,"Top tier precision and cleanliness. My stylist took the time to understand my routine. Would definitely book Full Body Waxing again!","Full Body Waxing",4,Positive,0.9,"personalized styling; clean equipment; attentive staff",""
42,"Such a relaxing and pampering session. Left feeling energized and confident. Five stars for the exceptional team.","Scalp Care Therapy",5,Positive,0.91,"pampering session; confidence boost; skilled treatment",""
43,"Premium products used throughout. No chemical smell and long lasting results. Would definitely book Hair Extensions again!","Hair Extensions",5,Positive,0.92,"premium products; no harsh smell; durable styling",""
44,"Amazing scalp massage and blow dry. My hair has so much bounce and volume now. Five stars for the exceptional team.","Skin Rejuvenation Peel",5,Positive,0.93,"relaxing scalp massage; voluminous hair; great blowout",""
45,"Exceptional hospitality and modern techniques. Will definitely be a regular client here. Would definitely book Aromatherapy Sauna again!","Aromatherapy Sauna",5,Positive,0.94,"exceptional hospitality; modern styling; repeat client",""
46,"Outstanding service! The stylist was meticulous, gentle, and the salon ambiance is pristine and luxurious. Five stars for the exceptional team.","Hair Cut & Blow Dry",4,Positive,0.95,"meticulous stylist; gentle handling; pristine ambiance; luxurious experience",""
47,"Hands down the best treatment I have ever had. The results exceeded all my expectations. Would definitely book Balayage Hair Color again!","Balayage Hair Color",5,Positive,0.96,"exceeded expectations; top quality results; skilled therapist",""
48,"Very welcoming team and peaceful environment. Left feeling completely rejuvenated and refreshed. Five stars for the exceptional team.","Keratin Smoothing Treatment",5,Positive,0.97,"welcoming team; peaceful environment; rejuvenating",""
49,"Impressed with their attention to detail. Tools were sanitized right in front of me. Would definitely book Bridal Hair & Makeup again!","Bridal Hair & Makeup",5,Positive,0.98,"sanitized tools; attention to detail; high hygiene standards",""
50,"Flawless styling and long-lasting finish. Worth every single penny spent. Five stars for the exceptional team.","Gel Manicure & Nail Art",5,Positive,0.99,"flawless finish; long lasting; great value",""
51,"Service was acceptable and did the job. Nothing particularly special or memorable, but fair. Adequate for Hair Cut & Blow Dry.","Hair Cut & Blow Dry",3,Neutral,-0.08,"did the job","unremarkable experience"
52,"Decent results overall, though the appointment started about 15 minutes later than scheduled. Might consider them again if nearby.","Balayage Hair Color",3,Neutral,-0.07,"decent results","15 minute wait time"
53,"Average experience. The staff was polite, but the waiting lounge was somewhat congested. Adequate for Keratin Smoothing Treatment.","Keratin Smoothing Treatment",3,Neutral,-0.06,"polite staff","congested waiting area"
54,"The treatment felt okay, but I expected a bit more detailed explanation from the specialist. Might consider them again if nearby.","Bridal Hair & Makeup",3,Neutral,-0.05,"adequate treatment","lacked detailed explanation"
55,"Standard quality for the price paid. Neither disappointed nor overly impressed. Adequate for Gel Manicure & Nail Art.","Gel Manicure & Nail Art",3,Neutral,-0.04,"fair price","standard quality"
56,"Finished the session quickly which was convenient, though it felt slightly mechanical. Might consider them again if nearby.","Deluxe Spa Pedicure",3,Neutral,-0.03,"quick session","felt mechanical"
57,"The result was fine, but the room temperature was slightly warmer than comfortable. Adequate for Hydra Facial Treatment.","Hydra Facial Treatment",3,Neutral,-0.02,"acceptable result","warm room temperature"
58,"Regular salon visit. Basic products used, but customer service was cordial. Might consider them again if nearby.","Deep Tissue Body Massage",3,Neutral,-0.01,"cordial customer service","basic product selection"
59,"Okay service. Color tone turned out slightly darker than expected, but still acceptable. Adequate for Beard Grooming & Shave.","Beard Grooming & Shave",3,Neutral,0,"acceptable shade","slightly darker than requested"
60,"Clean place and decent staff. Music was a bit modern and upbeat rather than relaxing. Might consider them again if nearby.","Eyebrow Threading & Tinting",3,Neutral,0.01,"clean salon","music not relaxing"
61,"Adequate haircut for daily routine. Took slightly longer due to shift changes. Adequate for Full Body Waxing.","Full Body Waxing",3,Neutral,0.02,"adequate haircut","slight delay due to shift changes"
62,"Moderate polish selection for nails. Quick turnaround for a busy afternoon. Might consider them again if nearby.","Scalp Care Therapy",3,Neutral,0.03,"quick turnaround","moderate polish choices"
63,"Reasonable price point. Service was standard and met the basic expectations. Adequate for Hair Extensions.","Hair Extensions",3,Neutral,0.04,"reasonable price","standard service"
64,"Session was fine, but stylist was somewhat quiet and did not offer styling advice. Might consider them again if nearby.","Skin Rejuvenation Peel",3,Neutral,0.05,"straightforward session","lacked proactive advice"
65,"Normal experience. Facilities are clean, but parking outside was limited. Adequate for Aromatherapy Sauna.","Aromatherapy Sauna",3,Neutral,0.06,"clean facilities","limited parking"
66,"Service was acceptable and did the job. Nothing particularly special or memorable, but fair. Might consider them again if nearby.","Hair Cut & Blow Dry",3,Neutral,0.07,"did the job","unremarkable experience"
67,"Decent results overall, though the appointment started about 15 minutes later than scheduled. Adequate for Balayage Hair Color.","Balayage Hair Color",3,Neutral,0.08,"decent results","15 minute wait time"
68,"Average experience. The staff was polite, but the waiting lounge was somewhat congested. Might consider them again if nearby.","Keratin Smoothing Treatment",3,Neutral,-0.08,"polite staff","congested waiting area"
69,"The treatment felt okay, but I expected a bit more detailed explanation from the specialist. Adequate for Bridal Hair & Makeup.","Bridal Hair & Makeup",3,Neutral,-0.07,"adequate treatment","lacked detailed explanation"
70,"Standard quality for the price paid. Neither disappointed nor overly impressed. Might consider them again if nearby.","Gel Manicure & Nail Art",3,Neutral,-0.06,"fair price","standard quality"
71,"Finished the session quickly which was convenient, though it felt slightly mechanical. Adequate for Deluxe Spa Pedicure.","Deluxe Spa Pedicure",3,Neutral,-0.05,"quick session","felt mechanical"
72,"The result was fine, but the room temperature was slightly warmer than comfortable. Might consider them again if nearby.","Hydra Facial Treatment",3,Neutral,-0.04,"acceptable result","warm room temperature"
73,"Regular salon visit. Basic products used, but customer service was cordial. Adequate for Deep Tissue Body Massage.","Deep Tissue Body Massage",3,Neutral,-0.03,"cordial customer service","basic product selection"
74,"Okay service. Color tone turned out slightly darker than expected, but still acceptable. Might consider them again if nearby.","Beard Grooming & Shave",3,Neutral,-0.02,"acceptable shade","slightly darker than requested"
75,"Clean place and decent staff. Music was a bit modern and upbeat rather than relaxing. Adequate for Eyebrow Threading & Tinting.","Eyebrow Threading & Tinting",3,Neutral,-0.01,"clean salon","music not relaxing"
76,"Adequate haircut for daily routine. Took slightly longer due to shift changes. Might consider them again if nearby.","Full Body Waxing",3,Neutral,0,"adequate haircut","slight delay due to shift changes"
77,"Moderate polish selection for nails. Quick turnaround for a busy afternoon. Adequate for Scalp Care Therapy.","Scalp Care Therapy",3,Neutral,0.01,"quick turnaround","moderate polish choices"
78,"Reasonable price point. Service was standard and met the basic expectations. Might consider them again if nearby.","Hair Extensions",3,Neutral,0.02,"reasonable price","standard service"
79,"Session was fine, but stylist was somewhat quiet and did not offer styling advice. Adequate for Skin Rejuvenation Peel.","Skin Rejuvenation Peel",3,Neutral,0.03,"straightforward session","lacked proactive advice"
80,"Normal experience. Facilities are clean, but parking outside was limited. Might consider them again if nearby.","Aromatherapy Sauna",3,Neutral,0.04,"clean facilities","limited parking"
81,"Service was acceptable and did the job. Nothing particularly special or memorable, but fair. Adequate for Hair Cut & Blow Dry.","Hair Cut & Blow Dry",3,Neutral,0.05,"did the job","unremarkable experience"
82,"Decent results overall, though the appointment started about 15 minutes later than scheduled. Might consider them again if nearby.","Balayage Hair Color",3,Neutral,0.06,"decent results","15 minute wait time"
83,"Average experience. The staff was polite, but the waiting lounge was somewhat congested. Adequate for Keratin Smoothing Treatment.","Keratin Smoothing Treatment",3,Neutral,0.07,"polite staff","congested waiting area"
84,"The treatment felt okay, but I expected a bit more detailed explanation from the specialist. Might consider them again if nearby.","Bridal Hair & Makeup",3,Neutral,0.08,"adequate treatment","lacked detailed explanation"
85,"Standard quality for the price paid. Neither disappointed nor overly impressed. Adequate for Gel Manicure & Nail Art.","Gel Manicure & Nail Art",3,Neutral,-0.08,"fair price","standard quality"
86,"Finished the session quickly which was convenient, though it felt slightly mechanical. Might consider them again if nearby.","Deluxe Spa Pedicure",3,Neutral,-0.07,"quick session","felt mechanical"
87,"The result was fine, but the room temperature was slightly warmer than comfortable. Adequate for Hydra Facial Treatment.","Hydra Facial Treatment",3,Neutral,-0.06,"acceptable result","warm room temperature"
88,"Regular salon visit. Basic products used, but customer service was cordial. Might consider them again if nearby.","Deep Tissue Body Massage",3,Neutral,-0.05,"cordial customer service","basic product selection"
89,"Okay service. Color tone turned out slightly darker than expected, but still acceptable. Adequate for Beard Grooming & Shave.","Beard Grooming & Shave",3,Neutral,-0.04,"acceptable shade","slightly darker than requested"
90,"Clean place and decent staff. Music was a bit modern and upbeat rather than relaxing. Might consider them again if nearby.","Eyebrow Threading & Tinting",3,Neutral,-0.03,"clean salon","music not relaxing"
91,"Adequate haircut for daily routine. Took slightly longer due to shift changes. Adequate for Full Body Waxing.","Full Body Waxing",3,Neutral,-0.02,"adequate haircut","slight delay due to shift changes"
92,"Moderate polish selection for nails. Quick turnaround for a busy afternoon. Might consider them again if nearby.","Scalp Care Therapy",3,Neutral,-0.01,"quick turnaround","moderate polish choices"
93,"Reasonable price point. Service was standard and met the basic expectations. Adequate for Hair Extensions.","Hair Extensions",3,Neutral,0,"reasonable price","standard service"
94,"Session was fine, but stylist was somewhat quiet and did not offer styling advice. Might consider them again if nearby.","Skin Rejuvenation Peel",3,Neutral,0.01,"straightforward session","lacked proactive advice"
95,"Normal experience. Facilities are clean, but parking outside was limited. Adequate for Aromatherapy Sauna.","Aromatherapy Sauna",3,Neutral,0.02,"clean facilities","limited parking"
96,"Service was acceptable and did the job. Nothing particularly special or memorable, but fair. Might consider them again if nearby.","Hair Cut & Blow Dry",3,Neutral,0.03,"did the job","unremarkable experience"
97,"Decent results overall, though the appointment started about 15 minutes later than scheduled. Adequate for Balayage Hair Color.","Balayage Hair Color",3,Neutral,0.04,"decent results","15 minute wait time"
98,"Average experience. The staff was polite, but the waiting lounge was somewhat congested. Might consider them again if nearby.","Keratin Smoothing Treatment",3,Neutral,0.05,"polite staff","congested waiting area"
99,"The treatment felt okay, but I expected a bit more detailed explanation from the specialist. Adequate for Bridal Hair & Makeup.","Bridal Hair & Makeup",3,Neutral,0.06,"adequate treatment","lacked detailed explanation"
100,"Standard quality for the price paid. Neither disappointed nor overly impressed. Might consider them again if nearby.","Gel Manicure & Nail Art",3,Neutral,0.07,"fair price","standard quality"
101,"Terrible experience. Had to wait over 45 minutes despite having a confirmed booking, and staff did not care. Extremely dissatisfied with Hair Cut & Blow Dry.","Hair Cut & Blow Dry",2,Negative,-0.95,"","45 minute delay; uncaring staff; poor time management"
102,"Ruined my hair completely! Cut it way shorter than agreed and left uneven patches on the back. Total waste of time and money.","Balayage Hair Color",1,Negative,-0.94,"","uneven haircut; cut too short; damaged styling"
103,"The chemical solution burned my skin and caused severe redness and irritation. Extremely dissatisfied with Keratin Smoothing Treatment.","Keratin Smoothing Treatment",1,Negative,-0.93,"","chemical burn; skin irritation; safety violation"
104,"Extremely rude customer service. Receptionist rolled her eyes and refused to answer my questions. Total waste of time and money.","Bridal Hair & Makeup",1,Negative,-0.92,"","rude receptionist; bad attitude; unhelpful staff"
105,"Overpriced and poor quality. The styling fell apart within two hours of leaving the salon. Extremely dissatisfied with Gel Manicure & Nail Art.","Gel Manicure & Nail Art",2,Negative,-0.91,"","overpriced; styling fell apart quickly; poor quality"
106,"Unsanitary conditions! Found hair on the brushes and the styling chair was sticky. Total waste of time and money.","Deluxe Spa Pedicure",1,Negative,-0.9,"","unsanitary equipment; unclean chairs; hygiene concerns"
107,"They charged me extra hidden fees at checkout that were never mentioned during booking. Extremely dissatisfied with Hydra Facial Treatment.","Hydra Facial Treatment",1,Negative,-0.89,"","hidden fees; unexpected charges; unclear billing"
108,"The technician was completely distracted, constantly texting on her phone during my treatment. Total waste of time and money.","Deep Tissue Body Massage",1,Negative,-0.88,"","distracted technician; texting on phone; unprofessional"
109,"Arrived on time only to be told they double-booked my appointment and asked me to reschedule. Extremely dissatisfied with Beard Grooming & Shave.","Beard Grooming & Shave",2,Negative,-0.87,"","double booking; cancelled on arrival; unreliable"
110,"Product used gave me an allergic breakout on my scalp. Won’t ever return here. Total waste of time and money.","Eyebrow Threading & Tinting",1,Negative,-0.86,"","allergic reaction; poor product quality; scalp breakout"
111,"Rushed through my appointment and skipped several steps mentioned in the package description. Extremely dissatisfied with Full Body Waxing.","Full Body Waxing",1,Negative,-0.85,"","rushed service; skipped steps; misleading description"
112,"Bleach was left on far too long, causing extreme hair breakage and split ends. Total waste of time and money.","Scalp Care Therapy",1,Negative,-0.84,"","overprocessed hair; hair breakage; technician negligence"
113,"Nail technician cut multiple cuticles causing bleeding and failed to sanitize properly. Extremely dissatisfied with Hair Extensions.","Hair Extensions",2,Negative,-0.83,"","cut cuticles; bleeding; poor hygiene"
114,"Wax was boiling hot and left burns on my arms. Incompetent staff. Total waste of time and money.","Skin Rejuvenation Peel",1,Negative,-0.82,"","burns from hot wax; incompetent staff; painful session"
115,"Total lack of cleanliness and communication. Zero customer care. Extremely dissatisfied with Aromatherapy Sauna.","Aromatherapy Sauna",1,Negative,-0.81,"","dirty salon; poor communication; lack of customer care"
116,"Terrible experience. Had to wait over 45 minutes despite having a confirmed booking, and staff did not care. Total waste of time and money.","Hair Cut & Blow Dry",1,Negative,-0.8,"","45 minute delay; uncaring staff; poor time management"
117,"Ruined my hair completely! Cut it way shorter than agreed and left uneven patches on the back. Extremely dissatisfied with Balayage Hair Color.","Balayage Hair Color",2,Negative,-0.79,"","uneven haircut; cut too short; damaged styling"
118,"The chemical solution burned my skin and caused severe redness and irritation. Total waste of time and money.","Keratin Smoothing Treatment",1,Negative,-0.78,"","chemical burn; skin irritation; safety violation"
119,"Extremely rude customer service. Receptionist rolled her eyes and refused to answer my questions. Extremely dissatisfied with Bridal Hair & Makeup.","Bridal Hair & Makeup",1,Negative,-0.77,"","rude receptionist; bad attitude; unhelpful staff"
120,"Overpriced and poor quality. The styling fell apart within two hours of leaving the salon. Total waste of time and money.","Gel Manicure & Nail Art",1,Negative,-0.76,"","overpriced; styling fell apart quickly; poor quality"
121,"Unsanitary conditions! Found hair on the brushes and the styling chair was sticky. Extremely dissatisfied with Deluxe Spa Pedicure.","Deluxe Spa Pedicure",2,Negative,-0.75,"","unsanitary equipment; unclean chairs; hygiene concerns"
122,"They charged me extra hidden fees at checkout that were never mentioned during booking. Total waste of time and money.","Hydra Facial Treatment",1,Negative,-0.74,"","hidden fees; unexpected charges; unclear billing"
123,"The technician was completely distracted, constantly texting on her phone during my treatment. Extremely dissatisfied with Deep Tissue Body Massage.","Deep Tissue Body Massage",1,Negative,-0.73,"","distracted technician; texting on phone; unprofessional"
124,"Arrived on time only to be told they double-booked my appointment and asked me to reschedule. Total waste of time and money.","Beard Grooming & Shave",1,Negative,-0.72,"","double booking; cancelled on arrival; unreliable"
125,"Product used gave me an allergic breakout on my scalp. Won’t ever return here. Extremely dissatisfied with Eyebrow Threading & Tinting.","Eyebrow Threading & Tinting",2,Negative,-0.71,"","allergic reaction; poor product quality; scalp breakout"
126,"Rushed through my appointment and skipped several steps mentioned in the package description. Total waste of time and money.","Full Body Waxing",1,Negative,-0.7,"","rushed service; skipped steps; misleading description"
127,"Bleach was left on far too long, causing extreme hair breakage and split ends. Extremely dissatisfied with Scalp Care Therapy.","Scalp Care Therapy",1,Negative,-0.95,"","overprocessed hair; hair breakage; technician negligence"
128,"Nail technician cut multiple cuticles causing bleeding and failed to sanitize properly. Total waste of time and money.","Hair Extensions",1,Negative,-0.94,"","cut cuticles; bleeding; poor hygiene"
129,"Wax was boiling hot and left burns on my arms. Incompetent staff. Extremely dissatisfied with Skin Rejuvenation Peel.","Skin Rejuvenation Peel",2,Negative,-0.93,"","burns from hot wax; incompetent staff; painful session"
130,"Total lack of cleanliness and communication. Zero customer care. Total waste of time and money.","Aromatherapy Sauna",1,Negative,-0.92,"","dirty salon; poor communication; lack of customer care"
131,"Terrible experience. Had to wait over 45 minutes despite having a confirmed booking, and staff did not care. Extremely dissatisfied with Hair Cut & Blow Dry.","Hair Cut & Blow Dry",1,Negative,-0.91,"","45 minute delay; uncaring staff; poor time management"
132,"Ruined my hair completely! Cut it way shorter than agreed and left uneven patches on the back. Total waste of time and money.","Balayage Hair Color",1,Negative,-0.9,"","uneven haircut; cut too short; damaged styling"
133,"The chemical solution burned my skin and caused severe redness and irritation. Extremely dissatisfied with Keratin Smoothing Treatment.","Keratin Smoothing Treatment",2,Negative,-0.89,"","chemical burn; skin irritation; safety violation"
134,"Extremely rude customer service. Receptionist rolled her eyes and refused to answer my questions. Total waste of time and money.","Bridal Hair & Makeup",1,Negative,-0.88,"","rude receptionist; bad attitude; unhelpful staff"
135,"Overpriced and poor quality. The styling fell apart within two hours of leaving the salon. Extremely dissatisfied with Gel Manicure & Nail Art.","Gel Manicure & Nail Art",1,Negative,-0.87,"","overpriced; styling fell apart quickly; poor quality"
136,"Unsanitary conditions! Found hair on the brushes and the styling chair was sticky. Total waste of time and money.","Deluxe Spa Pedicure",1,Negative,-0.86,"","unsanitary equipment; unclean chairs; hygiene concerns"
137,"They charged me extra hidden fees at checkout that were never mentioned during booking. Extremely dissatisfied with Hydra Facial Treatment.","Hydra Facial Treatment",2,Negative,-0.85,"","hidden fees; unexpected charges; unclear billing"
138,"The technician was completely distracted, constantly texting on her phone during my treatment. Total waste of time and money.","Deep Tissue Body Massage",1,Negative,-0.84,"","distracted technician; texting on phone; unprofessional"
139,"Arrived on time only to be told they double-booked my appointment and asked me to reschedule. Extremely dissatisfied with Beard Grooming & Shave.","Beard Grooming & Shave",1,Negative,-0.83,"","double booking; cancelled on arrival; unreliable"
140,"Product used gave me an allergic breakout on my scalp. Won’t ever return here. Total waste of time and money.","Eyebrow Threading & Tinting",1,Negative,-0.82,"","allergic reaction; poor product quality; scalp breakout"
141,"Rushed through my appointment and skipped several steps mentioned in the package description. Extremely dissatisfied with Full Body Waxing.","Full Body Waxing",2,Negative,-0.81,"","rushed service; skipped steps; misleading description"
142,"Bleach was left on far too long, causing extreme hair breakage and split ends. Total waste of time and money.","Scalp Care Therapy",1,Negative,-0.8,"","overprocessed hair; hair breakage; technician negligence"
143,"Nail technician cut multiple cuticles causing bleeding and failed to sanitize properly. Extremely dissatisfied with Hair Extensions.","Hair Extensions",1,Negative,-0.79,"","cut cuticles; bleeding; poor hygiene"
144,"Wax was boiling hot and left burns on my arms. Incompetent staff. Total waste of time and money.","Skin Rejuvenation Peel",1,Negative,-0.78,"","burns from hot wax; incompetent staff; painful session"
145,"Total lack of cleanliness and communication. Zero customer care. Extremely dissatisfied with Aromatherapy Sauna.","Aromatherapy Sauna",2,Negative,-0.77,"","dirty salon; poor communication; lack of customer care"
146,"Terrible experience. Had to wait over 45 minutes despite having a confirmed booking, and staff did not care. Total waste of time and money.","Hair Cut & Blow Dry",1,Negative,-0.76,"","45 minute delay; uncaring staff; poor time management"
147,"Ruined my hair completely! Cut it way shorter than agreed and left uneven patches on the back. Extremely dissatisfied with Balayage Hair Color.","Balayage Hair Color",1,Negative,-0.75,"","uneven haircut; cut too short; damaged styling"
148,"The chemical solution burned my skin and caused severe redness and irritation. Total waste of time and money.","Keratin Smoothing Treatment",1,Negative,-0.74,"","chemical burn; skin irritation; safety violation"
149,"Extremely rude customer service. Receptionist rolled her eyes and refused to answer my questions. Extremely dissatisfied with Bridal Hair & Makeup.","Bridal Hair & Makeup",2,Negative,-0.73,"","rude receptionist; bad attitude; unhelpful staff"
150,"Overpriced and poor quality. The styling fell apart within two hours of leaving the salon. Total waste of time and money.","Gel Manicure & Nail Art",1,Negative,-0.72,"","overpriced; styling fell apart quickly; poor quality"